Country Code,Country Name,Region,Income Group,Year,SE.PRM.CMPT.ZS,SE.PRM.DROP.ZS,SE.PRM.ENRL.TC.ZS,SE.PRM.ENRR,SE.PRM.ENRR.FE,SE.PRM.ENRR.MA
BRN,Brunei Darussalam,East Asia & Pacific,High income: nonOECD,2000,115.972747802734,2.88261008262634,13.6666698455811,111.294036865234,109.242721557617,113.207992553711
BRN,Brunei Darussalam,East Asia & Pacific,High income: nonOECD,2001,122.980522155762,2.88261008262634,13.6379499435425,108.486358642578,106.601257324219,110.259323120117
BRN,Brunei Darussalam,East Asia & Pacific,High income: nonOECD,2002,118.906372070313,2.88261008262634,12.6928701400757,109.029518127441,107.631790161133,110.344673156738
BRN,Brunei Darussalam,East Asia & Pacific,High income: nonOECD,2003,121.429626464844,2.88261008262634,12.2495403289795,112.139877319336,111.406227111816,112.827743530273
BRN,Brunei Darussalam,East Asia & Pacific,High income: nonOECD,2004,112.584136962891,2.95139002799988,10.8801298141479,112.602272033691,111.552757263184,113.583198547363
BRN,Brunei Darussalam,East Asia & Pacific,High income: nonOECD,2005,108.47061920166,3.45870995521545,10.1169700622559,112.095886230469,111.033271789551,113.090019226074
BRN,Brunei Darussalam,East Asia & Pacific,High income: nonOECD,2006,108.797439575195,4.17003011703491,12.5131702423096,111.76969909668,110.236221313477,113.205596923828
BRN,Brunei Darussalam,East Asia & Pacific,High income: nonOECD,2007,108.405418395996,3.75183010101318,12.6714401245117,110.949676513672,109.502868652344,112.30158996582
BRN,Brunei Darussalam,East Asia & Pacific,High income: nonOECD,2008,105.99373626709,3.33395004272461,12.5521602630615,108.575347900391,107.764419555664,109.331413269043
BRN,Brunei Darussalam,East Asia & Pacific,High income: nonOECD,2009,102.394371032715,3.86290001869202,11.949990272522,107.615791320801,107.245872497559,107.960891723633
BRN,Brunei Darussalam,East Asia & Pacific,High income: nonOECD,2010,105.664886474609,3.41948008537292,11.348819732666,107.130737304688,106.903282165527,107.344100952148
BRN,Brunei Darussalam,East Asia & Pacific,High income: nonOECD,2011,111.040069580078,3.63081002235413,11.3356599807739,107.408950805664,107.010009765625,107.785522460938
BRN,Brunei Darussalam,East Asia & Pacific,High income: nonOECD,2012,107.100761413574,3.63081002235413,10.5876703262329,106.783729553223,106.212463378906,107.324897766113
BRN,Brunei Darussalam,East Asia & Pacific,High income: nonOECD,2013,106.309059143066,3.63081002235413,10.1519498825073,107.451942443848,107.23429107666,107.658256530762
BRN,Brunei Darussalam,East Asia & Pacific,High income: nonOECD,2014,100.56079864502,3.63081002235413,10.2592401504517,107.444030761719,107.556106567383,107.338050842285
BRN,Brunei Darussalam,East Asia & Pacific,High income: nonOECD,2015,103.177001953125,3.63081002235413,10.0166101455688,108.137702941895,108.166763305664,108.1103515625
IDN,Indonesia,East Asia & Pacific,Lower middle income,2000,93.7585678100585,14.1100196838379,22.1177196502686,108.778022766113,107.205039978027,110.302177429199
IDN,Indonesia,East Asia & Pacific,Lower middle income,2001,93.7585678100585,14.1100196838379,22.2452392578125,109.765609741211,108.470680236816,111.019866943359
IDN,Indonesia,East Asia & Pacific,Lower middle income,2002,95.0408935546875,13.6306400299072,20.9018592834473,109.906707763672,108.685668945313,111.087753295898
IDN,Indonesia,East Asia & Pacific,Lower middle income,2003,95.6266479492188,14.8986396789551,20.2941799163818,109.472343444824,108.479957580566,110.430549621582
IDN,Indonesia,East Asia & Pacific,Lower middle income,2004,95.5334014892578,16.5531902313232,20.1259803771973,108.829360961914,108.04052734375,109.589622497559
IDN,Indonesia,East Asia & Pacific,Lower middle income,2005,94.1592864990234,17.709780375162733,20.4133605957031,107.79222869873,106.089790344238,109.430168151855
IDN,Indonesia,East Asia & Pacific,Lower middle income,2006,92.4222564697266,18.866370519002267,19.0000705718994,106.045387268066,104.39591217041,107.63011932373
IDN,Indonesia,East Asia & Pacific,Lower middle income,2007,96.535057067871,20.0229606628418,18.8159294128418,109.055740356445,107.018478393555,111.010841369629
IDN,Indonesia,East Asia & Pacific,Lower middle income,2008,96.550422668457,12.1303300857544,20.6885204315186,107.507507324219,106.508247375488,108.463829040527
IDN,Indonesia,East Asia & Pacific,Lower middle income,2009,98.3274078369141,8.20032978057861,19.7761306762695,108.14070892334,106.956123352051,109.269882202148
IDN,Indonesia,East Asia & Pacific,Lower middle income,2010,100.248100280762,12.0007495880127,19.0116996765137,108.656311035156,110.528373718262,106.879852294922
IDN,Indonesia,East Asia & Pacific,Lower middle income,2011,97.4712295532227,11.0249300003052,18.9804000854492,108.635246276855,110.71312713623,106.671867370605
IDN,Indonesia,East Asia & Pacific,Lower middle income,2012,102.535461425781,18.1980400085449,18.5922508239746,108.691452026367,108.611549377441,108.766799926758
IDN,Indonesia,East Asia & Pacific,Lower middle income,2013,100.588447570801,18.0586490631104,16.0940799713135,106.343032836914,106.234909057617,106.444862365723
IDN,Indonesia,East Asia & Pacific,Lower middle income,2014,102.892890930176,18.0586490631104,16.5593490600586,105.74095916748,104.459930419922,106.947189331055
IDN,Indonesia,East Asia & Pacific,Lower middle income,2015,101.997009277344,18.0586490631104,16.5593490600586,105.852752685547,104.372901916504,107.246536254883
KHM,Cambodia,East Asia & Pacific,Low income,2000,51.0964393615723,45.2643013000488,50.1228294372559,106.469757080078,99.4037704467773,113.287101745605
KHM,Cambodia,East Asia & Pacific,Low income,2001,51.0964393615723,36.4074401855469,52.9499092102051,115.437957763672,108.916038513184,121.715110778809
KHM,Cambodia,East Asia & Pacific,Low income,2002,59.6919593811035,44.9822387695313,56.2896690368652,128.984497070313,122.256141662598,135.470413208008
KHM,Cambodia,East Asia & Pacific,Low income,2003,66.3830032348633,46.4824905395508,56.2374610900879,131.016143798828,124.812278747559,137.002578735352
KHM,Cambodia,East Asia & Pacific,Low income,2004,77.3580932617188,43.0774993896484,55.0528411865234,131.471893310547,125.909820556641,136.839691162109
KHM,Cambodia,East Asia & Pacific,Low income,2005,86.6402893066406,44.9086494445801,53.2114295959473,130.438247680664,125.55126953125,135.148391723633
KHM,Cambodia,East Asia & Pacific,Low income,2006,89.0845413208008,45.5161094665527,50.4227485656738,128.377532958984,123.900650024414,132.679779052734
KHM,Cambodia,East Asia & Pacific,Low income,2007,90.4167175292969,45.5365104675292,50.8791007995605,127.390403747559,122.888038635254,131.707702636719
KHM,Cambodia,East Asia & Pacific,Low income,2008,85.6160736083984,43.2433497111002,48.5371284484863,123.31031036377,119.278427124023,127.182403564453
KHM,Cambodia,East Asia & Pacific,Low income,2009,82.9908294677734,40.9501889546712,49.0753784179688,122.836212158203,118.626106262207,126.896881103516
KHM,Cambodia,East Asia & Pacific,Low income,2010,84.8740768432617,38.6570281982422,48.4495697021484,123.389877319336,119.749992370605,126.920669555664
KHM,Cambodia,East Asia & Pacific,Low income,2011,87.1567077636719,34.051441192627,47.2916297912598,121.70458984375,117.424133300781,125.879417419434
KHM,Cambodia,East Asia & Pacific,Low income,2012,92.8612976074219,35.7704010009766,45.7213401794434,121.354461669922,117.063293457031,125.559982299805
KHM,Cambodia,East Asia & Pacific,Low income,2013,93.8563766479492,53.0777893066406,46.9271087646484,123.008331298828,117.150123596191,128.753036499023
KHM,Cambodia,East Asia & Pacific,Low income,2014,96.2979583740234,53.0777893066406,44.6349411010742,116.389640808105,113.135307312012,119.568992614746
KHM,Cambodia,East Asia & Pacific,Low income,2015,95.169059753418,53.0777893066406,45.5211601257324,116.657127380371,116.232597351074,117.068817138672
LAO,Lao PDR,East Asia & Pacific,Lower middle income,2000,67.5004119873047,46.5218200683594,30.1363105773926,106.737579345703,97.9654083251953,115.243629455566
LAO,Lao PDR,East Asia & Pacific,Lower middle income,2001,67.5364608764648,37.3446311950684,29.9335994720458,104.304359436035,96.0778884887695,112.289703369141
LAO,Lao PDR,East Asia & Pacific,Lower middle income,2002,67.8262634277344,35.5314598083496,29.8776302337646,105.704147338867,97.5753326416016,113.597877502441
LAO,Lao PDR,East Asia & Pacific,Lower middle income,2003,67.1947708129883,37.1003608703613,30.6359596252441,107.813888549805,99.8440780639648,115.561569213867
LAO,Lao PDR,East Asia & Pacific,Lower middle income,2004,67.454002380371,36.6739616394042,31.4255409240723,109.43977355957,101.890533447266,116.786613464355
LAO,Lao PDR,East Asia & Pacific,Lower middle income,2005,69.7302780151367,37.7659797668457,31.478889465332,111.69384765625,104.112731933594,119.073692321777
LAO,Lao PDR,East Asia & Pacific,Lower middle income,2006,73.4983291625977,38.3873100280762,31.0316600799561,113.846588134766,106.465148925781,121.024963378906
LAO,Lao PDR,East Asia & Pacific,Lower middle income,2007,75.7955627441406,33.0249404907227,30.1245403289795,115.475212097168,108.566307067871,122.196418762207
LAO,Lao PDR,East Asia & Pacific,Lower middle income,2008,78.00244140625,31.5479507446289,30.4937896728516,118.220397949219,111.830436706543,124.430923461914
LAO,Lao PDR,East Asia & Pacific,Lower middle income,2009,81.0111694335938,28.9461498260498,29.153190612793,120.723480224609,115.047416687012,126.230133056641
LAO,Lao PDR,East Asia & Pacific,Lower middle income,2010,85.0129699707031,31.9841194152832,28.8320693969727,122.924873352051,117.907150268555,127.782623291016
LAO,Lao PDR,East Asia & Pacific,Lower middle income,2011,90.850486755371,30.052640914917,26.8085193634033,121.650238037109,117.447257995605,125.711303710938
LAO,Lao PDR,East Asia & Pacific,Lower middle income,2012,94.3613128662109,26.6625804901123,27.1263103485107,120.065040588379,116.421630859375,123.580146789551
LAO,Lao PDR,East Asia & Pacific,Lower middle income,2013,98.7507400512695,22.3851299285889,25.5977096557617,118.862129211426,115.625053405762,121.980918884277
LAO,Lao PDR,East Asia & Pacific,Lower middle income,2014,100.335716247559,21.2770195007324,25.1564998626708,116.339492797852,113.492660522461,119.078956604004
LAO,Lao PDR,East Asia & Pacific,Lower middle income,2015,100.20915222168,21.2770195007324,24.1568508148193,111.345809936523,109.053337097168,113.549468994141
MMR,Myanmar,East Asia & Pacific,Low income,2000,76.4713134765625,44.7829208374023,32.7677803039551,98.2637405395508,97.0781326293945,99.4436416625977
MMR,Myanmar,East Asia & Pacific,Low income,2001,75.7432479858398,40.786449432373,32.257381439209,97.3434829711914,96.320213317871,98.3614196777344
MMR,Myanmar,East Asia & Pacific,Low income,2002,76.7234878540039,34.5965995788574,32.5652389526367,97.291893005371,96.8268737792969,97.7543792724609
MMR,Myanmar,East Asia & Pacific,Low income,2003,78.8896179199219,31.0357208251953,32.8140411376953,99.037956237793,98.6834335327148,99.390380859375
MMR,Myanmar,East Asia & Pacific,Low income,2004,80.7716369628906,29.76300525665285,31.9987907409668,99.01953125,98.765022277832,99.2723236083984
MMR,Myanmar,East Asia & Pacific,Low income,2005,82.89595794677734,28.4902896881104,30.9049892425537,98.285400390625,98.3788604736328,98.192626953125
MMR,Myanmar,East Asia & Pacific,Low income,2006,85.0202789306641,29.111426671346067,29.9012908935547,97.8357620239258,97.3867568969727,98.2811889648438
MMR,Myanmar,East Asia & Pacific,Low income,2007,85.045539855957,29.732563654581735,29.1133594512939,97.7181091308594,97.79206848144534,98.49844360351565
MMR,Myanmar,East Asia & Pacific,Low income,2008,85.7451782226563,30.3537006378174,28.814079284668,98.4577789306641,98.197380065918,98.7156982421875
MMR,Myanmar,East Asia & Pacific,Low income,2009,84.4036865234375,25.207670211792,28.4190292358398,97.044059753418,96.2767333984375,97.803466796875
MMR,Myanmar,East Asia & Pacific,Low income,2010,84.3503265380859,25.207670211792,28.2162990570068,96.7233276367188,96.3196792602539,97.1225128173828
MMR,Myanmar,East Asia & Pacific,Low income,2014,85.072898864746,25.207670211792,27.5639190673828,99.6582870483398,98.2935562133789,101.005210876465
MYS,Malaysia,East Asia & Pacific,Upper middle income,2000,100.567543029785,2.85960006713867,19.5577602386475,98.0757064819335,98.0302505493164,98.1189117431641
MYS,Malaysia,East Asia & Pacific,Upper middle income,2001,96.3849563598632,2.85960006713867,19.6651802062988,97.2841415405273,97.1558074951172,97.4062194824219
MYS,Malaysia,East Asia & Pacific,Upper middle income,2002,92.2023696899414,2.85960006713867,18.9197101593018,95.8676681518555,95.7395782470703,95.9894104003906
MYS,Malaysia,East Asia & Pacific,Upper middle income,2003,92.4974975585938,2.28356671333313,17.5140209197998,96.9929122924805,96.8052673339844,97.1709671020508
MYS,Malaysia,East Asia & Pacific,Upper middle income,2004,96.8630981445313,1.70753335952759,17.48583984375,100.067176818848,99.956443786621,100.172058105469
MYS,Malaysia,East Asia & Pacific,Upper middle income,2005,102.954696655273,1.13150000572205,16.8952693939208,101.405097961426,101.364349365234,101.443626403809
MYS,Malaysia,East Asia & Pacific,Upper middle income,2006,100.590759277344,1.30642998218536,15.6551103591919,100.901779174805,100.974632263184,100.832908630371
MYS,Malaysia,East Asia & Pacific,Upper middle income,2007,99.6808471679688,1.9446199621473013,14.9844102859497,100.422958374023,100.662040710449,100.197052001953
MYS,Malaysia,East Asia & Pacific,Upper middle income,2008,101.721588134766,2.5828099421092428,14.4423704147339,100.202583312988,100.563186645508,99.862190246582
MYS,Malaysia,East Asia & Pacific,Upper middle income,2009,102.949836730957,3.220999922071184,13.1352100372314,100.118949890137,100.538139343262,99.7238235473633
MYS,Malaysia,East Asia & Pacific,Upper middle income,2010,99.989501953125,3.8591899020331253,12.601149559021,100.110649108887,100.567642211914,99.6806106567383
MYS,Malaysia,East Asia & Pacific,Upper middle income,2011,101.382637023926,4.497379881995067,12.3244695663452,100.727653503418,101.183937072754,100.298210144043
MYS,Malaysia,East Asia & Pacific,Upper middle income,2012,107.246643066406,5.135569861957008,12.0036096572876,101.874809265137,102.223762512207,101.545997619629
MYS,Malaysia,East Asia & Pacific,Upper middle income,2013,102.81266784668,5.77375984191895,11.831259727478,103.400230407715,103.64518737793,103.168983459473
MYS,Malaysia,East Asia & Pacific,Upper middle income,2014,101.917831420898,8.01266002655029,11.4125995635986,102.766319274902,102.904991149902,102.635192871094
MYS,Malaysia,East Asia & Pacific,Upper middle income,2015,101.180770874023,8.01266002655029,11.5209999084473,101.792053222656,101.880310058594,101.708511352539
PHL,Philippines,East Asia & Pacific,Lower middle income,2000,100.350212097168,24.7492809295654,35.3192291259766,109.387802124023,108.794700622559,108.580200195313
PHL,Philippines,East Asia & Pacific,Lower middle income,2001,100.350212097168,24.7492809295654,35.206859588623,108.684997558594,108.794700622559,108.580200195313
PHL,Philippines,East Asia & Pacific,Lower middle income,2002,94.3856582641602,26.6094608306885,35.3894081115723,107.974281311035,107.525596618652,108.403099060059
PHL,Philippines,East Asia & Pacific,Lower middle income,2003,94.9300537109375,27.8433494567871,34.9251289367676,107.819343566895,107.143760681152,108.465431213379
PHL,Philippines,East Asia & Pacific,Lower middle income,2004,93.6370620727539,28.4800491333008,34.5315284729004,106.822532653809,106.052368164063,107.559410095215
PHL,Philippines,East Asia & Pacific,Lower middle income,2005,93.4789810180664,29.5683498382568,35.0737686157227,105.988388061523,105.394317626953,106.556571960449
PHL,Philippines,East Asia & Pacific,Lower middle income,2006,91.1075210571289,26.7587203979492,34.5941696166992,104.031837463379,103.339988708496,104.692611694336
PHL,Philippines,East Asia & Pacific,Lower middle income,2007,90.9888916015625,24.7380695343018,33.6683692932129,104.519157409668,103.898696899414,105.110252380371
PHL,Philippines,East Asia & Pacific,Lower middle income,2008,92.0415496826172,24.2201595306396,33.7417984008789,106.445449829102,106.097007751465,106.775268554688
PHL,Philippines,East Asia & Pacific,Lower middle income,2009,91.9826202392578,24.2201595306396,31.4357204437256,108.874893188477,108.64185333252,109.093521118164
PHL,Philippines,East Asia & Pacific,Lower middle income,2013,100.970108032227,24.2201595306396,31.3508205413818,116.818870544434,116.855918884277,116.784843444824
SGP,Singapore,East Asia & Pacific,High income: nonOECD,2007,108.438018798828,1.3231600522995,20.4233207702637,108.53085327148449,107.6981048583985,109.79536819457999
SGP,Singapore,East Asia & Pacific,High income: nonOECD,2008,108.438018798828,1.3231600522995,19.3046092987061,108.53085327148449,107.6981048583985,109.79536819457999
SGP,Singapore,East Asia & Pacific,High income: nonOECD,2009,108.438018798828,1.3231600522995,17.4392890930176,108.53085327148449,107.6981048583985,109.79536819457999
THA,Thailand,East Asia & Pacific,Upper middle income,2000,84.9217681884766,6.36076021194458,20.7935695648193,97.9146881103516,96.4372024536133,99.3357772827148
THA,Thailand,East Asia & Pacific,Upper middle income,2001,86.9087677001953,7.0278055484478275,19.088659286499,97.4093933105469,96.2536315917969,98.5185928344727
THA,Thailand,East Asia & Pacific,Upper middle income,2002,87.39698145939752,7.694850884951076,18.5624904632568,98.3042373657227,97.100830078125,99.4579696655273
THA,Thailand,East Asia & Pacific,Upper middle income,2004,87.88519521859975,8.361896221454323,18.46358362833657,99.0645523071289,98.0690536499023,100.016319274902
THA,Thailand,East Asia & Pacific,Upper middle income,2005,88.37340897780197,9.028941557957571,18.364676793416333,98.323127746582,96.9207000732422,99.662010192871
THA,Thailand,East Asia & Pacific,Upper middle income,2006,88.8616227370042,9.69598689446082,18.2657699584961,96.8635101318359,96.0709075927734,97.6192092895508
THA,Thailand,East Asia & Pacific,Upper middle income,2007,89.34983649620642,10.363032230964066,17.7173805236816,97.2797775268555,96.3250427246094,98.1912384033203
THA,Thailand,East Asia & Pacific,Upper middle income,2008,89.83805025540865,11.030077567467314,15.9921798706055,97.8583984375,96.8396835327148,98.8319702148438
THA,Thailand,East Asia & Pacific,Upper middle income,2009,90.32626401461086,11.697122903970563,16.12514019012455,97.4117431640625,96.465721130371,98.316650390625
THA,Thailand,East Asia & Pacific,Upper middle income,2010,90.81447777381308,12.36416824047381,16.2581005096436,96.102653503418,95.0313873291016,97.1281433105469
THA,Thailand,East Asia & Pacific,Upper middle income,2011,91.3026915330153,13.031213576977057,15.7845697402954,96.6276626586914,95.5203018188477,97.6882171630859
THA,Thailand,East Asia & Pacific,Upper middle income,2012,91.79090529221753,13.698258913480306,16.280689239502,97.4781188964844,96.3756866455078,98.5329513549805
THA,Thailand,East Asia & Pacific,Upper middle income,2013,92.27911905141976,14.365304249983552,15.83669471740725,97.9036483764648,96.8876800537109,98.8746719360352
THA,Thailand,East Asia & Pacific,Upper middle income,2014,92.76733281062198,15.0323495864868,15.3927001953125,103.688888549805,104.078201293945,103.317291259766
THA,Thailand,East Asia & Pacific,Upper middle income,2015,93.2555465698242,15.0323495864868,16.8824596405029,102.729461669922,99.2067794799805,106.087043762207
TLS,Timor-Leste,East Asia & Pacific,Lower middle income,2001,83.2353210449219,25.8256702423096,61.9123992919922,118.347053527832,97.7669372558594,106.243156433105
TLS,Timor-Leste,East Asia & Pacific,Lower middle income,2002,83.2353210449219,25.8256702423096,47.1794395446777,113.375511169434,97.7669372558594,106.243156433105
TLS,Timor-Leste,East Asia & Pacific,Lower middle income,2003,83.2353210449219,25.8256702423096,46.8161010742188,107.841697692871,97.7669372558594,106.243156433105
TLS,Timor-Leste,East Asia & Pacific,Lower middle income,2004,83.2353210449219,25.8256702423096,50.7139282226563,102.076766967773,97.7669372558594,106.243156433105
TLS,Timor-Leste,East Asia & Pacific,Lower middle income,2005,83.2353210449219,25.8256702423096,43.73489888509117,94.3472213745117,90.1137008666992,98.4305419921875
TLS,Timor-Leste,East Asia & Pacific,Lower middle income,2008,83.2353210449219,25.8256702423096,36.75586954752603,108.743103027344,105.590911865234,111.757736206055
TLS,Timor-Leste,East Asia & Pacific,Lower middle income,2009,75.9980697631835,33.3779487609863,29.7768402099609,118.434638977051,115.316703796387,121.41242980957
TLS,Timor-Leste,East Asia & Pacific,Lower middle income,2010,80.1885070800781,16.440860748291,30.1987705230713,131.147125244141,128.418792724609,133.758163452148
TLS,Timor-Leste,East Asia & Pacific,Lower middle income,2011,84.0247192382813,21.8278503417969,31.3548107147217,134.822937011719,131.761367797852,137.760925292969
TLS,Timor-Leste,East Asia & Pacific,Lower middle income,2012,88.7169189453125,22.7004909515381,31.3548107147217,135.2060546875,132.228927612305,138.065933227539
TLS,Timor-Leste,East Asia & Pacific,Lower middle income,2013,94.1064300537109,18.7723999023438,31.3548107147217,136.067398071289,133.755889892578,138.28662109375
TLS,Timor-Leste,East Asia & Pacific,Lower middle income,2014,98.4130096435547,17.6996994018555,31.3548107147217,136.814254760742,136.046951293945,137.549453735352
TLS,Timor-Leste,East Asia & Pacific,Lower middle income,2015,106.10604095459,17.6996994018555,31.3548107147217,136.843200683594,136.184265136719,137.472808837891
VNM,Vietnam,East Asia & Pacific,Lower middle income,2000,99.0195465087891,14.2578601837158,29.5215091705322,108.740829467773,105.977951049805,111.390251159668
VNM,Vietnam,East Asia & Pacific,Lower middle income,2001,104.431587219238,12.1270799636841,28.0348205566406,105.808219909668,103.09716796875,108.403259277344
VNM,Vietnam,East Asia & Pacific,Lower middle income,2002,101.477951049805,14.8346900939941,26.3290500640869,102.383728027344,99.5728302001953,105.069076538086
VNM,Vietnam,East Asia & Pacific,Lower middle income,2003,100.245468139648,12.516190052032442,24.6538105010986,99.5764465332031,96.8702926635742,102.157783508301
VNM,Vietnam,East Asia & Pacific,Lower middle income,2004,96.73571014404274,10.197690010070787,23.0269393920898,98.333641052246,95.378303527832,101.149078369141
VNM,Vietnam,East Asia & Pacific,Lower middle income,2005,93.2259521484375,7.87918996810913,21.5556507110596,97.1614303588867,94.6079864501953,99.5910720825195
VNM,Vietnam,East Asia & Pacific,Lower middle income,2006,96.9221801757813,7.548287963867186,20.6947002410889,97.5871734619141,95.9471817016602,99.1455535888672
VNM,Vietnam,East Asia & Pacific,Lower middle income,2007,98.06935882568365,7.217385959625242,20.436429977417,99.2535934448242,97.4832534790039,100.932090759277
VNM,Vietnam,East Asia & Pacific,Lower middle income,2008,99.21653747558598,6.886483955383298,19.9267406463623,101.117149353027,98.95184707641596,101.97851943969701
VNM,Vietnam,East Asia & Pacific,Lower middle income,2009,100.36371612548832,6.555581951141354,19.5221996307373,101.759887695313,100.420440673828,103.024948120117
VNM,Vietnam,East Asia & Pacific,Lower middle income,2010,101.51089477539065,6.22467994689941,19.9017505645752,105.087730407715,102.315170288086,107.703399658203
VNM,Vietnam,East Asia & Pacific,Lower middle income,2011,102.658073425293,2.52529001235962,19.6315498352051,106.503273010254,103.937767028809,108.920867919922
VNM,Vietnam,East Asia & Pacific,Lower middle income,2012,101.97412109375,5.50217008590698,19.3991203308105,106.958633422852,107.123962402344,106.803062438965
VNM,Vietnam,East Asia & Pacific,Lower middle income,2013,99.2399673461914,10.4011602401733,18.8834896087646,107.517791748047,106.064453125,108.880470275879
VNM,Vietnam,East Asia & Pacific,Lower middle income,2014,106.211471557617,4.03990983963013,19.213830947876,109.354690551758,108.618347167969,110.041236877441
VNM,Vietnam,East Asia & Pacific,Lower middle income,2015,104.130187988281,4.03990983963013,19.2372894287109,108.876678466797,108.426849365234,109.293060302734
