Country Code,Country Name,Region,Income Group,Lending category,Year,SE.PRM.CMPT.ZS,SE.PRM.DROP.ZS,SE.PRM.ENRL.TC.ZS,SE.PRM.NENR,SE.PRM.NENR.FE,SE.PRM.NENR.MA
ARG,Argentina,Latin America & Caribbean,Upper middle income,IBRD,2000,98.4937362670898,9.21360969543457,20.0520305633545,99.1193771362305,98.750877380371,99.2223205566406
ARG,Argentina,Latin America & Caribbean,Upper middle income,IBRD,2001,98.0842132568359,10.1653499603271,18.0299892425537,99.07642364501956,98.750877380371,99.2223205566406
ARG,Argentina,Latin America & Caribbean,Upper middle income,IBRD,2002,102.027633666992,19.2178993225098,17.5960006713867,99.03347015380864,98.750877380371,99.2223205566406
ARG,Argentina,Latin America & Caribbean,Upper middle income,IBRD,2003,99.9220962524414,4.91172981262207,17.77411556243895,98.9905166625977,98.750877380371,99.2223205566406
ARG,Argentina,Latin America & Caribbean,Upper middle income,IBRD,2004,98.5624389648438,13.1931600570679,17.9522304534912,98.6387176513672,98.0243072509766,99.2329483032227
ARG,Argentina,Latin America & Caribbean,Upper middle income,IBRD,2005,96.6847915649414,5.5008602142334,17.4437294006348,98.8115615844727,98.3356628417969,99.2718505859375
ARG,Argentina,Latin America & Caribbean,Upper middle income,IBRD,2006,99.1302032470703,5.16083002090454,17.1849002838135,98.8024215698242,98.451057434082,99.1423263549805
ARG,Argentina,Latin America & Caribbean,Upper middle income,IBRD,2007,101.849502563477,2.59490990638733,16.360279083252,99.0615386962891,98.8301467895508,99.2853698730469
ARG,Argentina,Latin America & Caribbean,Upper middle income,IBRD,2008,105.061973571777,6.2296199798584,17.2296905517578,99.0486526489258,98.756477355957,99.3311920166016
ARG,Argentina,Latin America & Caribbean,Upper middle income,IBRD,2009,104.986251831055,4.7155499458313,17.2296905517578,99.0204391479492,98.7115783691406,99.3190002441406
ARG,Argentina,Latin America & Caribbean,Upper middle income,IBRD,2010,104.809219360352,6.87358999252319,17.2296905517578,98.6672592163085,97.964729309082,99.346092224121
ARG,Argentina,Latin America & Caribbean,Upper middle income,IBRD,2011,104.417861938477,3.72220993041992,17.2296905517578,98.8425674438477,98.1710586547852,99.4915084838867
ARG,Argentina,Latin America & Caribbean,Upper middle income,IBRD,2012,103.224769592285,5.43206977844238,17.2296905517578,98.9680709838867,98.2861022949219,99.6271896362305
ARG,Argentina,Latin America & Caribbean,Upper middle income,IBRD,2013,100.877372741699,4.00688982009888,17.2296905517578,99.0224380493164,98.5020523071289,99.5254211425781
ARG,Argentina,Latin America & Caribbean,Upper middle income,IBRD,2014,101.807647705078,4.00688982009888,17.2296905517578,99.3467864990234,99.1412963867188,99.5454025268555
ARG,Argentina,Latin America & Caribbean,Upper middle income,IBRD,2015,101.807647705078,4.00688982009888,17.2296905517578,99.3467864990234,99.1412963867188,99.5454025268555
ARG,Argentina,Latin America & Caribbean,Upper middle income,IBRD,2016,101.807647705078,4.00688982009888,17.2296905517578,99.3467864990234,99.1412963867188,99.5454025268555
ARG,Argentina,Latin America & Caribbean,Upper middle income,IBRD,2017,101.807647705078,4.00688982009888,17.2296905517578,99.3467864990234,99.1412963867188,99.5454025268555
AUS,Australia,East Asia & Pacific,High income: OECD,,2000,100.6218452453615,0.7987599968910215,17.3882007598877,94.0375213623047,95.5001831054688,92.6817016601563
AUS,Australia,East Asia & Pacific,High income: OECD,,2001,100.6218452453615,0.7987599968910215,17.3882007598877,93.9052810668945,95.4783706665039,92.4496307373047
AUS,Australia,East Asia & Pacific,High income: OECD,,2002,100.6218452453615,0.7987599968910215,17.3882007598877,93.9084701538085,95.4300079345703,92.500862121582
AUS,Australia,East Asia & Pacific,High income: OECD,,2003,100.6218452453615,0.7987599968910215,17.3882007598877,94.4801483154297,95.973388671875,93.0971298217773
AUS,Australia,East Asia & Pacific,High income: OECD,,2004,100.6218452453615,0.7987599968910215,17.3882007598877,94.8669891357422,96.2593383789063,93.5744400024414
AUS,Australia,East Asia & Pacific,High income: OECD,,2005,100.6218452453615,0.7987599968910215,17.3882007598877,95.3214416503906,96.5735931396484,94.1555480957031
AUS,Australia,East Asia & Pacific,High income: OECD,,2006,100.6218452453615,0.7987599968910215,17.3882007598877,95.6783218383789,96.7929077148438,94.6364517211914
AUS,Australia,East Asia & Pacific,High income: OECD,,2007,100.6218452453615,0.7987599968910215,17.3882007598877,96.4619064331055,97.3964691162109,95.585350036621
AUS,Australia,East Asia & Pacific,High income: OECD,,2008,100.6218452453615,0.7987599968910215,17.3882007598877,96.5811614990234,97.440559387207,95.7725677490234
AUS,Australia,East Asia & Pacific,High income: OECD,,2009,100.6218452453615,0.7987599968910215,17.3882007598877,96.7083892822266,97.3651504516602,96.088508605957
AUS,Australia,East Asia & Pacific,High income: OECD,,2010,100.6218452453615,0.7987599968910215,17.3882007598877,96.9901580810547,97.4975433349609,96.5096893310547
AUS,Australia,East Asia & Pacific,High income: OECD,,2011,100.6218452453615,0.7987599968910215,17.3882007598877,97.6583709716797,98.0328674316406,97.3030395507813
AUS,Australia,East Asia & Pacific,High income: OECD,,2012,100.6218452453615,0.7987599968910215,17.3882007598877,97.5498962402344,97.8018035888672,97.3105773925781
AUS,Australia,East Asia & Pacific,High income: OECD,,2013,100.6218452453615,0.7987599968910215,17.3882007598877,97.3556289672852,97.5313720703125,97.188621520996
AUS,Australia,East Asia & Pacific,High income: OECD,,2014,100.6218452453615,0.7987599968910215,17.3882007598877,97.043113708496,97.2560882568359,96.8408889770508
AUS,Australia,East Asia & Pacific,High income: OECD,,2015,100.6218452453615,0.7987599968910215,17.3882007598877,97.032829284668,97.3341598510742,96.7472381591797
AUS,Australia,East Asia & Pacific,High income: OECD,,2016,100.6218452453615,0.7987599968910215,17.3882007598877,97.032829284668,97.3341598510742,96.7472381591797
AUS,Australia,East Asia & Pacific,High income: OECD,,2017,100.6218452453615,0.7987599968910215,17.3882007598877,97.032829284668,97.3341598510742,96.7472381591797
BRA,Brazil,Latin America & Caribbean,Upper middle income,IBRD,2000,112.229606628418,19.8672294616699,24.796989440918,98.0338516235352,92.0703506469727,96.6773681640625
BRA,Brazil,Latin America & Caribbean,Upper middle income,IBRD,2001,112.229606628418,15.3802795410156,22.9708690643311,98.0338516235352,92.0703506469727,96.6773681640625
BRA,Brazil,Latin America & Caribbean,Upper middle income,IBRD,2002,114.199432373047,16.2897491455078,22.3533096313477,95.7304916381835,92.0703506469727,96.6773681640625
BRA,Brazil,Latin America & Caribbean,Upper middle income,IBRD,2003,109.366607666016,19.3753395080566,21.5675296783447,93.1796188354492,92.0703506469727,96.6773681640625
BRA,Brazil,Latin America & Caribbean,Upper middle income,IBRD,2004,100.684646606445,19.3753395080566,21.3867607116699,94.42333984375,92.0703506469727,96.6773681640625
BRA,Brazil,Latin America & Caribbean,Upper middle income,IBRD,2005,100.684646606445,19.3753395080566,21.0436496734619,94.8533401489258,95.8108520507813,93.929588317871
BRA,Brazil,Latin America & Caribbean,Upper middle income,IBRD,2006,100.684646606445,19.3753395080566,22.45096492767335,93.22119903564455,94.22820281982425,92.2627143859863
BRA,Brazil,Latin America & Caribbean,Upper middle income,IBRD,2007,100.684646606445,19.3753395080566,23.8582801818848,91.5890579223633,92.6455535888672,90.5958404541016
BRA,Brazil,Latin America & Caribbean,Upper middle income,IBRD,2008,100.684646606445,19.3753395080566,23.0246696472168,97.5490264892578,96.7461166381835,98.3184509277344
BRA,Brazil,Latin America & Caribbean,Upper middle income,IBRD,2009,100.684646606445,19.3753395080566,22.6441097259521,95.5276489257813,96.3022308349609,94.8041076660156
BRA,Brazil,Latin America & Caribbean,Upper middle income,IBRD,2010,100.684646606445,19.3753395080566,22.1660900115967,95.26751327514651,95.4410591125488,95.11248397827146
BRA,Brazil,Latin America & Caribbean,Upper middle income,IBRD,2011,100.684646606445,19.3753395080566,21.2850704193115,95.0073776245117,94.5798873901367,95.4208602905273
BRA,Brazil,Latin America & Caribbean,Upper middle income,IBRD,2012,100.684646606445,19.3753395080566,20.5171203613281,95.0539398193359,96.9776611328125,93.2789001464844
BRA,Brazil,Latin America & Caribbean,Upper middle income,IBRD,2013,100.684646606445,19.3753395080566,21.2274894714355,90.3539810180664,90.1278610229492,90.5712738037109
BRA,Brazil,Latin America & Caribbean,Upper middle income,IBRD,2014,100.684646606445,19.3753395080566,20.918140411377,92.1922225952148,92.4343795776367,91.9614486694335
BRA,Brazil,Latin America & Caribbean,Upper middle income,IBRD,2015,100.684646606445,19.3753395080566,20.918140411377,92.6971282958984,93.1429290771484,92.2739334106445
BRA,Brazil,Latin America & Caribbean,Upper middle income,IBRD,2016,100.684646606445,19.3753395080566,20.918140411377,92.6971282958984,93.1429290771484,92.2739334106445
BRA,Brazil,Latin America & Caribbean,Upper middle income,IBRD,2017,100.684646606445,19.3753395080566,20.918140411377,92.6971282958984,93.1429290771484,92.2739334106445
CAN,Canada,North America,High income: OECD,,2000,97.3817291259766,0.7987599968910215,17.4159603118896,99.9220504760742,98.5198097229004,98.5189704895019
CAN,Canada,North America,High income: OECD,,2001,97.23984400431317,0.7987599968910215,17.4159603118896,99.88500277201334,98.5198097229004,98.5189704895019
CAN,Canada,North America,High income: OECD,,2002,97.09795888264973,0.7987599968910215,17.4159603118896,99.84795506795247,98.5198097229004,98.5189704895019
CAN,Canada,North America,High income: OECD,,2003,96.9560737609863,0.7987599968910215,17.4159603118896,99.8109073638916,98.5198097229004,98.5189704895019
CAN,Canada,North America,High income: OECD,,2004,96.81418863932286,0.7987599968910215,17.4159603118896,99.77385965983073,98.5198097229004,98.5189704895019
CAN,Canada,North America,High income: OECD,,2005,96.67230351765943,0.7987599968910215,17.4159603118896,99.73681195576987,98.5198097229004,98.5189704895019
CAN,Canada,North America,High income: OECD,,2006,96.530418395996,0.7987599968910215,17.4159603118896,99.69976425170901,98.5198097229004,98.5189704895019
CAN,Canada,North America,High income: OECD,,2007,96.530418395996,0.7987599968910215,17.4159603118896,99.66271654764815,98.5198097229004,98.5189704895019
CAN,Canada,North America,High income: OECD,,2008,96.530418395996,0.7987599968910215,17.4159603118896,99.62566884358728,98.5198097229004,98.5189704895019
CAN,Canada,North America,High income: OECD,,2009,96.530418395996,0.7987599968910215,17.4159603118896,99.58862113952641,98.5198097229004,98.5189704895019
CAN,Canada,North America,High income: OECD,,2010,96.530418395996,0.7987599968910215,17.4159603118896,99.55157343546554,98.5198097229004,98.5189704895019
CAN,Canada,North America,High income: OECD,,2011,96.530418395996,0.7987599968910215,17.4159603118896,99.51452573140467,98.5198097229004,98.5189704895019
CAN,Canada,North America,High income: OECD,,2012,96.530418395996,0.7987599968910215,17.4159603118896,99.4774780273438,98.5198097229004,98.5189704895019
CAN,Canada,North America,High income: OECD,,2013,96.530418395996,0.7987599968910215,17.4159603118896,99.4567413330078,98.5198097229004,98.5189704895019
CAN,Canada,North America,High income: OECD,,2014,96.530418395996,0.7987599968910215,17.4159603118896,99.4567413330078,98.5198097229004,98.5189704895019
CAN,Canada,North America,High income: OECD,,2015,96.530418395996,0.7987599968910215,17.4159603118896,99.4567413330078,98.5198097229004,98.5189704895019
CAN,Canada,North America,High income: OECD,,2016,96.530418395996,0.7987599968910215,17.4159603118896,99.4567413330078,98.5198097229004,98.5189704895019
CAN,Canada,North America,High income: OECD,,2017,96.530418395996,0.7987599968910215,17.4159603118896,99.4567413330078,98.5198097229004,98.5189704895019
CHN,China,East Asia & Pacific,Upper middle income,IBRD,2000,84.4086227416992,10.832115332285566,22.2057209014893,95.0582962036133,95.14853477478025,95.14338111877439
CHN,China,East Asia & Pacific,Upper middle income,IBRD,2001,84.4086227416992,10.832115332285566,22.2057209014893,95.0582962036133,95.14853477478025,95.14338111877439
CHN,China,East Asia & Pacific,Upper middle income,IBRD,2002,84.4086227416992,10.832115332285566,21.6293754577637,95.0582962036133,95.14853477478025,95.14338111877439
CHN,China,East Asia & Pacific,Upper middle income,IBRD,2003,84.4086227416992,10.832115332285566,21.0530300140381,95.0582962036133,95.14853477478025,95.14338111877439
CHN,China,East Asia & Pacific,Upper middle income,IBRD,2004,84.4086227416992,10.832115332285566,20.119326909383133,95.0582962036133,95.14853477478025,95.14338111877439
CHN,China,East Asia & Pacific,Upper middle income,IBRD,2005,84.4086227416992,10.832115332285566,19.185623804728166,95.0582962036133,95.14853477478025,95.14338111877439
CHN,China,East Asia & Pacific,Upper middle income,IBRD,2006,84.4086227416992,10.832115332285566,18.2519207000732,95.0582962036133,95.14853477478025,95.14338111877439
CHN,China,East Asia & Pacific,Upper middle income,IBRD,2007,91.0332412719727,10.832115332285566,17.6820297241211,95.0582962036133,95.14853477478025,95.14338111877439
CHN,China,East Asia & Pacific,Upper middle income,IBRD,2008,101.938079833984,10.832115332285566,17.5545196533203,95.0582962036133,95.14853477478025,95.14338111877439
CHN,China,East Asia & Pacific,Upper middle income,IBRD,2009,106.819000244141,10.832115332285566,17.2156295776367,95.0582962036133,95.14853477478025,95.14338111877439
CHN,China,East Asia & Pacific,Upper middle income,IBRD,2010,109.962989807129,10.832115332285566,16.8437595367432,95.0582962036133,95.14853477478025,95.14338111877439
CHN,China,East Asia & Pacific,Upper middle income,IBRD,2011,108.255149841309,10.832115332285566,16.7884101867676,95.0582962036133,95.14853477478025,95.14338111877439
CHN,China,East Asia & Pacific,Upper middle income,IBRD,2012,106.3107681274415,10.832115332285566,16.8487205505371,95.0582962036133,95.14853477478025,95.14338111877439
CHN,China,East Asia & Pacific,Upper middle income,IBRD,2013,104.366386413574,10.832115332285566,16.8534297943115,95.0582962036133,95.14853477478025,95.14338111877439
CHN,China,East Asia & Pacific,Upper middle income,IBRD,2014,96.2743682861328,10.832115332285566,16.2307891845703,95.0582962036133,95.14853477478025,95.14338111877439
CHN,China,East Asia & Pacific,Upper middle income,IBRD,2015,92.466796875,10.832115332285566,16.2944107055664,95.0582962036133,95.14853477478025,95.14338111877439
CHN,China,East Asia & Pacific,Upper middle income,IBRD,2016,92.466796875,10.832115332285566,16.2944107055664,95.0582962036133,95.14853477478025,95.14338111877439
CHN,China,East Asia & Pacific,Upper middle income,IBRD,2017,92.466796875,10.832115332285566,16.2944107055664,95.0582962036133,95.14853477478025,95.14338111877439
DEU,Germany,Europe & Central Asia,High income: OECD,,2000,105.90242767334,0.998589992523193,15.2833099365234,99.2140274047852,98.5198097229004,98.5189704895019
DEU,Germany,Europe & Central Asia,High income: OECD,,2001,107.900390625,1.1691700220108,14.7645301818848,99.159812927246,98.5198097229004,98.5189704895019
DEU,Germany,Europe & Central Asia,High income: OECD,,2002,103.66748046875,1.56588995456696,14.2935400009155,99.0877838134766,98.5198097229004,98.5189704895019
DEU,Germany,Europe & Central Asia,High income: OECD,,2003,102.786613464355,1.0045599937439,14.0477600097656,98.6179580688477,98.5198097229004,98.5189704895019
DEU,Germany,Europe & Central Asia,High income: OECD,,2004,101.541343688965,1.1699800491333,14.1900396347046,98.5548934936523,98.5198097229004,98.5189704895019
DEU,Germany,Europe & Central Asia,High income: OECD,,2005,98.6077728271484,2.03025007247925,14.1223297119141,98.4996032714844,98.5198097229004,98.5189704895019
DEU,Germany,Europe & Central Asia,High income: OECD,,2006,99.9436721801758,2.62806010246277,13.9637498855591,98.2461700439453,98.5198097229004,98.5189704895019
DEU,Germany,Europe & Central Asia,High income: OECD,,2007,104.798789978027,4.37294006347656,13.6284303665161,98.161979675293,98.5198097229004,98.5189704895019
DEU,Germany,Europe & Central Asia,High income: OECD,,2008,103.040481567383,4.06251502037048,13.4974298477173,97.5412902832031,98.5198097229004,98.5189704895019
DEU,Germany,Europe & Central Asia,High income: OECD,,2009,103.270057678223,3.7520899772644,13.0022497177124,97.2055511474609,98.5198097229004,98.5189704895019
DEU,Germany,Europe & Central Asia,High income: OECD,,2010,102.706871032715,3.38376998901367,12.6838302612305,97.5086135864258,98.5198097229004,98.5189704895019
DEU,Germany,Europe & Central Asia,High income: OECD,,2011,102.165321350098,3.75763988494873,11.8241500854492,97.7406921386719,98.5198097229004,98.5189704895019
DEU,Germany,Europe & Central Asia,High income: OECD,,2012,100.101470947266,3.51824998855591,11.7140197753906,97.9618225097656,98.5198097229004,98.5189704895019
DEU,Germany,Europe & Central Asia,High income: OECD,,2013,100.69409942627,3.51824998855591,11.5802698135376,98.469108581543,98.5198097229004,98.5189704895019
DEU,Germany,Europe & Central Asia,High income: OECD,,2014,100.294509887695,3.51824998855591,12.2994203567505,98.6327819824219,98.5198097229004,98.5189704895019
DEU,Germany,Europe & Central Asia,High income: OECD,,2015,102.582511901855,3.51824998855591,12.2230501174927,98.6794967651367,98.5198097229004,98.5189704895019
DEU,Germany,Europe & Central Asia,High income: OECD,,2016,102.582511901855,3.51824998855591,12.2230501174927,98.6794967651367,98.5198097229004,98.5189704895019
DEU,Germany,Europe & Central Asia,High income: OECD,,2017,102.582511901855,3.51824998855591,12.2230501174927,98.6794967651367,98.5198097229004,98.5189704895019
FRA,France,Europe & Central Asia,High income: OECD,,2000,97.4397277832031,0.7987599968910215,18.7464294433594,98.9591217041016,99.120979309082,98.8048706054688
FRA,France,Europe & Central Asia,High income: OECD,,2001,97.4397277832031,0.7987599968910215,18.7464408874512,98.9866485595703,99.1280670166016,98.8518981933594
FRA,France,Europe & Central Asia,High income: OECD,,2002,97.4397277832031,0.7987599968910215,18.63916015625,98.9464111328125,99.1153182983398,98.7853775024414
FRA,France,Europe & Central Asia,High income: OECD,,2003,97.4397277832031,0.7987599968910215,18.6392307281494,98.7749099731445,98.905143737793,98.6507568359375
FRA,France,Europe & Central Asia,High income: OECD,,2004,97.4397277832031,0.7987599968910215,18.6406593322754,98.402946472168,98.6012268066406,98.2139434814453
FRA,France,Europe & Central Asia,High income: OECD,,2005,97.4397277832031,0.7987599968910215,18.5549297332764,98.6149063110352,98.759033203125,98.4775619506835
FRA,France,Europe & Central Asia,High income: OECD,,2006,97.4397277832031,0.7987599968910215,18.6707096099854,98.5049667358398,98.5923080444335,98.4217681884766
FRA,France,Europe & Central Asia,High income: OECD,,2007,97.4397277832031,0.7987599968910215,18.950159072876,98.522102355957,98.5846633911133,98.4624404907227
FRA,France,Europe & Central Asia,High income: OECD,,2008,97.4397277832031,0.7987599968910215,19.0374908447266,98.4640502929688,98.576301574707,98.3569869995117
FRA,France,Europe & Central Asia,High income: OECD,,2009,97.4397277832031,0.7987599968910215,18.7293796539307,98.5569915771484,98.7185287475585,98.4029006958008
FRA,France,Europe & Central Asia,High income: OECD,,2010,97.4397277832031,0.7987599968910215,17.766429901123,98.5783996582031,98.7566986083984,98.408317565918
FRA,France,Europe & Central Asia,High income: OECD,,2011,97.4397277832031,0.7987599968910215,17.5182991027832,98.3753433227539,98.8073501586914,97.9632415771484
FRA,France,Europe & Central Asia,High income: OECD,,2012,97.4397277832031,0.7987599968910215,17.8151397705078,98.2941436767578,98.842887878418,97.7701721191406
FRA,France,Europe & Central Asia,High income: OECD,,2013,97.4397277832031,0.7987599968910215,18.1765995025635,98.7280883789063,99.0400466918945,98.4297790527344
FRA,France,Europe & Central Asia,High income: OECD,,2014,97.4397277832031,0.7987599968910215,18.1765995025635,98.8478393554688,99.0688171386719,98.6362228393555
FRA,France,Europe & Central Asia,High income: OECD,,2015,97.4397277832031,0.7987599968910215,18.1765995025635,98.8478393554688,99.0688171386719,98.6362228393555
FRA,France,Europe & Central Asia,High income: OECD,,2016,97.4397277832031,0.7987599968910215,18.1765995025635,98.8478393554688,99.0688171386719,98.6362228393555
FRA,France,Europe & Central Asia,High income: OECD,,2017,97.4397277832031,0.7987599968910215,18.1765995025635,98.8478393554688,99.0688171386719,98.6362228393555
GBR,United Kingdom,Europe & Central Asia,High income: OECD,,2000,100.6218452453615,0.7987599968910215,18.6647605895996,99.9523468017578,99.9832305908203,99.9229278564453
GBR,United Kingdom,Europe & Central Asia,High income: OECD,,2001,100.6218452453615,0.7987599968910215,17.5852298736572,99.9441986083984,99.91650390625,99.828800201416
GBR,United Kingdom,Europe & Central Asia,High income: OECD,,2002,100.6218452453615,0.7987599968910215,17.1751403808594,99.7907867431641,99.8497772216797,99.7346725463867
GBR,United Kingdom,Europe & Central Asia,High income: OECD,,2003,100.6218452453615,0.7987599968910215,17.1049308776855,99.9081497192383,99.9861221313477,99.8339767456055
GBR,United Kingdom,Europe & Central Asia,High income: OECD,,2004,100.6218452453615,0.7987599968910215,18.0940093994141,98.0122680664063,98.0790863037109,97.9486770629883
GBR,United Kingdom,Europe & Central Asia,High income: OECD,,2005,100.6218452453615,0.7987599968910215,17.4735908508301,98.7779083251953,98.7749786376953,98.7807006835938
GBR,United Kingdom,Europe & Central Asia,High income: OECD,,2006,100.6218452453615,0.7987599968910215,18.0804500579833,98.4089736938477,98.6588287353516,98.1708374023438
GBR,United Kingdom,Europe & Central Asia,High income: OECD,,2007,100.6218452453615,0.7987599968910215,17.2442607879639,96.4702987670898,96.7127532958984,96.2390670776367
GBR,United Kingdom,Europe & Central Asia,High income: OECD,,2008,100.6218452453615,0.7987599968910215,18.2699909210205,98.8212127685547,98.7985610961914,98.8428115844727
GBR,United Kingdom,Europe & Central Asia,High income: OECD,,2009,100.6218452453615,0.7987599968910215,17.9619808197021,98.5413513183594,98.5213775634766,98.5603790283203
GBR,United Kingdom,Europe & Central Asia,High income: OECD,,2010,100.6218452453615,0.7987599968910215,17.5270595550537,99.2342987060547,99.2335510253906,99.235008239746
GBR,United Kingdom,Europe & Central Asia,High income: OECD,,2011,100.6218452453615,0.7987599968910215,17.2653999328613,99.7189025878906,99.745491027832,99.6935424804688
GBR,United Kingdom,Europe & Central Asia,High income: OECD,,2012,100.6218452453615,0.7987599968910215,18.3082504272461,99.7900619506835,99.7166290283203,99.8601684570313
GBR,United Kingdom,Europe & Central Asia,High income: OECD,,2013,100.6218452453615,0.7987599968910215,18.4375190734863,99.8274383544922,99.7166290283203,99.8601684570313
GBR,United Kingdom,Europe & Central Asia,High income: OECD,,2014,100.6218452453615,0.7987599968910215,17.3882007598877,99.8543319702148,99.7166290283203,99.8601684570313
GBR,United Kingdom,Europe & Central Asia,High income: OECD,,2015,100.6218452453615,0.7987599968910215,17.3882007598877,99.8543319702148,99.7166290283203,99.8601684570313
GBR,United Kingdom,Europe & Central Asia,High income: OECD,,2016,100.6218452453615,0.7987599968910215,17.3882007598877,99.8543319702148,99.7166290283203,99.8601684570313
GBR,United Kingdom,Europe & Central Asia,High income: OECD,,2017,100.6218452453615,0.7987599968910215,17.3882007598877,99.8543319702148,99.7166290283203,99.8601684570313
IDN,Indonesia,East Asia & Pacific,Lower middle income,IBRD,2000,93.7585678100585,14.1100196838379,22.1177196502686,91.9554901123047,91.2902374267578,92.5998382568359
IDN,Indonesia,East Asia & Pacific,Lower middle income,IBRD,2001,93.7585678100585,14.1100196838379,22.2452392578125,91.9554901123047,91.2902374267578,92.5998382568359
IDN,Indonesia,East Asia & Pacific,Lower middle income,IBRD,2002,95.0408935546875,13.6306400299072,20.9018592834473,91.3153991699219,90.854637145996,91.7610626220703
IDN,Indonesia,East Asia & Pacific,Lower middle income,IBRD,2003,95.6266479492188,14.8986396789551,20.2941799163818,90.5964279174805,89.7637329101563,91.4004592895508
IDN,Indonesia,East Asia & Pacific,Lower middle income,IBRD,2004,95.5334014892578,16.5531902313232,20.1259803771973,89.6506576538085,88.8012771606445,90.4692993164063
IDN,Indonesia,East Asia & Pacific,Lower middle income,IBRD,2005,94.1592864990234,17.709780375162733,20.4133605957031,88.7963104248047,87.3938903808594,90.1455917358398
IDN,Indonesia,East Asia & Pacific,Lower middle income,IBRD,2006,92.4222564697266,18.866370519002267,19.0000705718994,91.5991134643555,90.1739273071289,92.9683609008789
IDN,Indonesia,East Asia & Pacific,Lower middle income,IBRD,2007,96.535057067871,20.0229606628418,18.8159294128418,93.6011810302734,91.810432434082,95.319709777832
IDN,Indonesia,East Asia & Pacific,Lower middle income,IBRD,2008,96.550422668457,12.1303300857544,20.6885204315186,92.862060546875,91.9985122680664,93.6885070800781
IDN,Indonesia,East Asia & Pacific,Lower middle income,IBRD,2009,98.3274078369141,8.20032978057861,19.7761306762695,93.4081878662109,92.3844299316406,94.3840484619141
IDN,Indonesia,East Asia & Pacific,Lower middle income,IBRD,2010,100.248100280762,12.0007495880127,19.0116996765137,93.8030319213867,94.1144638061523,93.5074996948242
IDN,Indonesia,East Asia & Pacific,Lower middle income,IBRD,2011,97.4712295532227,11.0249300003052,18.9804000854492,93.2705230712891,95.1840133666992,91.4624710083008
IDN,Indonesia,East Asia & Pacific,Lower middle income,IBRD,2012,102.535461425781,18.1980400085449,18.5922508239746,92.3586578369141,92.8709030151367,91.8756408691406
IDN,Indonesia,East Asia & Pacific,Lower middle income,IBRD,2013,100.588447570801,18.0586490631104,16.0940799713135,90.1529388427734,90.6394424438477,89.6946868896484
IDN,Indonesia,East Asia & Pacific,Lower middle income,IBRD,2014,102.892890930176,18.0586490631104,16.5593490600586,89.7185287475585,89.194969177246,90.2115173339844
IDN,Indonesia,East Asia & Pacific,Lower middle income,IBRD,2015,101.997009277344,18.0586490631104,16.5593490600586,89.7372970581055,89.0507736206055,90.3839111328125
IDN,Indonesia,East Asia & Pacific,Lower middle income,IBRD,2016,101.997009277344,18.0586490631104,16.5593490600586,89.7372970581055,89.0507736206055,90.3839111328125
IDN,Indonesia,East Asia & Pacific,Lower middle income,IBRD,2017,101.997009277344,18.0586490631104,16.5593490600586,89.7372970581055,89.0507736206055,90.3839111328125
IND,India,South Asia,Lower middle income,IBRD,2000,71.7548370361328,40.9936599731445,39.9999885559082,79.7744979858398,72.7620620727539,86.1918334960938
IND,India,South Asia,Lower middle income,IBRD,2001,72.4300994873047,38.6268882751465,40.1499900817871,79.6268081665039,73.1289978027344,85.544792175293
IND,India,South Asia,Lower middle income,IBRD,2002,75.818717956543,36.92150179545086,40.6629600524902,79.2298278808594,73.5148315429688,84.4160079956055
IND,India,South Asia,Lower middle income,IBRD,2003,80.3037033081055,35.21611531575522,41.3298797607422,83.8012008666992,82.6045837402344,84.884147644043
IND,India,South Asia,Lower middle income,IBRD,2004,83.2365432739258,33.51072883605957,40.55797338485719,85.67383003234863,84.59763526916505,86.64693832397462
IND,India,South Asia,Lower middle income,IBRD,2005,86.1693832397461,31.805342356363933,39.786067008972175,87.54645919799805,86.5906867980957,88.40972900390625
IND,India,South Asia,Lower middle income,IBRD,2006,89.1022232055664,30.09995587666829,39.014160633087165,89.41908836364748,88.58373832702635,90.17251968383788
IND,India,South Asia,Lower middle income,IBRD,2007,92.0350631713867,28.39456939697265,38.24225425720215,91.2917175292969,90.576789855957,91.9353103637695
IND,India,South Asia,Lower middle income,IBRD,2008,94.967903137207,26.68918291727701,37.47034788131714,91.0092697143555,91.6233901977539,90.4570922851563
IND,India,South Asia,Lower middle income,IBRD,2009,95.9266815185547,24.98379643758137,36.69844150543213,90.7546768188477,92.0027084350585,89.6340484619141
IND,India,South Asia,Lower middle income,IBRD,2010,94.404411315918,23.278409957885724,35.92653512954711,91.0239028930664,92.0745086669922,90.081916809082
IND,India,South Asia,Lower middle income,IBRD,2011,92.8821411132813,21.573023478190084,35.1546287536621,90.4147567749023,91.8132095336914,89.1626434326172
IND,India,South Asia,Lower middle income,IBRD,2012,94.54558944702151,19.867636998494444,33.736478805542006,91.5685882568359,92.2301330566406,90.9767379760742
IND,India,South Asia,Lower middle income,IBRD,2013,96.2090377807617,18.1622505187988,32.3183288574219,92.2584609985352,92.9199981689453,91.6667022705078
IND,India,South Asia,Lower middle income,IBRD,2014,97.5457229614258,18.1622505187988,31.2885494232178,92.2584609985352,92.9199981689453,91.6667022705078
IND,India,South Asia,Lower middle income,IBRD,2015,97.5457229614258,18.1622505187988,31.4914608001708,92.2584609985352,92.9199981689453,91.6667022705078
IND,India,South Asia,Lower middle income,IBRD,2016,97.5457229614258,18.1622505187988,31.4914608001708,92.2584609985352,92.9199981689453,91.6667022705078
IND,India,South Asia,Lower middle income,IBRD,2017,97.5457229614258,18.1622505187988,31.4914608001708,92.2584609985352,92.9199981689453,91.6667022705078
ITA,Italy,Europe & Central Asia,High income: OECD,,2000,100.813980102539,4.1808500289917,10.9584102630615,98.5406036376953,98.5104293823242,98.5691833496094
ITA,Italy,Europe & Central Asia,High income: OECD,,2001,103.701507568359,4.1808500289917,10.6989097595215,98.7637023925781,98.5878372192383,98.9302062988281
ITA,Italy,Europe & Central Asia,High income: OECD,,2002,102.045288085938,2.8833600183328,10.5909595489502,98.7266998291016,98.5182418823242,98.9240570068359
ITA,Italy,Europe & Central Asia,High income: OECD,,2003,102.35375213623,1.5858700076738992,10.8275003433228,98.5929107666016,98.290168762207,98.8793411254883
ITA,Italy,Europe & Central Asia,High income: OECD,,2004,100.850280761719,0.288379997014999,10.6162395477295,98.7256393432617,98.484016418457,98.9540710449219
ITA,Italy,Europe & Central Asia,High income: OECD,,2005,99.1708297729492,0.599139988422394,10.4947204589844,98.5376892089844,98.0361633300781,99.01171875
ITA,Italy,Europe & Central Asia,High income: OECD,,2006,99.4557876586914,0.501349985599518,10.554030418396,98.5185699462891,97.9707107543945,99.0367202758789
ITA,Italy,Europe & Central Asia,High income: OECD,,2007,101.480201721191,0.425179988145828,10.3259496688843,98.4806823730469,97.871971130371,99.056510925293
ITA,Italy,Europe & Central Asia,High income: OECD,,2008,104.805168151855,0.339439988136292,10.61066309611005,98.2387237548828,97.5908889770508,98.8518524169922
ITA,Italy,Europe & Central Asia,High income: OECD,,2009,102.605331420898,0.357980012893677,10.8953765233358,97.595832824707,96.9598922729492,98.1980361938477
ITA,Italy,Europe & Central Asia,High income: OECD,,2010,103.106842041016,0.48225000500679,11.18008995056155,97.5981674194335,97.0317764282227,98.1346893310547
ITA,Italy,Europe & Central Asia,High income: OECD,,2011,104.21199798584,0.665449976921082,11.4648033777873,97.1197891235352,96.4435501098633,97.7602310180664
ITA,Italy,Europe & Central Asia,High income: OECD,,2012,100.66072845459,1.05955994129181,11.74951680501305,97.2815933227539,96.73486328125,97.7995986938477
ITA,Italy,Europe & Central Asia,High income: OECD,,2013,100.049606323242,0.582340002059937,12.0342302322388,97.6418685913085,97.2175521850585,98.0438690185547
ITA,Italy,Europe & Central Asia,High income: OECD,,2014,100.247711181641,0.824280023574829,12.0678596496582,97.5065231323242,97.0414276123047,97.9468231201172
ITA,Italy,Europe & Central Asia,High income: OECD,,2015,100.265869140625,0.824280023574829,12.0271596908569,97.194969177246,96.8072662353516,97.5615615844727
ITA,Italy,Europe & Central Asia,High income: OECD,,2016,100.265869140625,0.824280023574829,12.0271596908569,97.194969177246,96.8072662353516,97.5615615844727
ITA,Italy,Europe & Central Asia,High income: OECD,,2017,100.265869140625,0.824280023574829,12.0271596908569,97.194969177246,96.8072662353516,97.5615615844727
JPN,Japan,East Asia & Pacific,High income: OECD,,2000,102.380317687988,0.059969998896122,20.6906299591064,99.9702072143555,99.9399032592773,99.9469528198242
JPN,Japan,East Asia & Pacific,High income: OECD,,2001,102.65641784668,0.0347700007259846,20.3929405212402,99.9746475219727,99.9399032592773,99.9469528198242
JPN,Japan,East Asia & Pacific,High income: OECD,,2002,99.4434967041016,0.0535099990665913,20.0412197113037,99.9753494262695,99.9399032592773,99.9469528198242
JPN,Japan,East Asia & Pacific,High income: OECD,,2003,99.0545425415039,0.0338700003921986,19.5565299987793,99.996223449707,99.9399032592773,99.9469528198242
JPN,Japan,East Asia & Pacific,High income: OECD,,2004,100.945167541504,0.066550001502037,19.1508693695068,99.9665603637695,99.9399032592773,99.9469528198242
JPN,Japan,East Asia & Pacific,High income: OECD,,2005,101.100616455078,0.0805699974298477,18.8950500488281,99.9993515014648,99.9399032592773,99.9469528198242
JPN,Japan,East Asia & Pacific,High income: OECD,,2006,100.910636901855,0.0276699997484684,18.706859588623,99.9762115478516,99.9399032592773,99.9469528198242
JPN,Japan,East Asia & Pacific,High income: OECD,,2007,104.324272155762,0.0219200002029538,18.4874095916748,99.9979782104492,99.9399032592773,99.9469528198242
JPN,Japan,East Asia & Pacific,High income: OECD,,2008,102.875671386719,0.0161700006574392,18.2828807830811,99.9821472167969,99.9399032592773,99.9469528198242
JPN,Japan,East Asia & Pacific,High income: OECD,,2009,101.427070617676,0.0486100018024445,18.0531196594238,99.9726486206055,99.9399032592773,99.9469528198242
JPN,Japan,East Asia & Pacific,High income: OECD,,2010,100.594177246094,0.0688600018620491,17.7727508544922,99.9435119628906,99.9399032592773,99.9469528198242
JPN,Japan,East Asia & Pacific,High income: OECD,,2011,102.115898132324,0.161740005016327,17.4956092834473,99.9499893188477,99.9503707885742,99.9496383666992
JPN,Japan,East Asia & Pacific,High income: OECD,,2012,102.055702209473,0.161740005016327,17.0900993347168,99.948631286621,99.9440002441406,99.9530410766602
JPN,Japan,East Asia & Pacific,High income: OECD,,2013,102.055702209473,0.161740005016327,16.7319393157958,99.9499969482422,99.9500122070313,99.9499893188477
JPN,Japan,East Asia & Pacific,High income: OECD,,2014,102.055702209473,0.161740005016327,16.4472503662109,99.9500122070313,99.9500198364258,99.9499969482422
JPN,Japan,East Asia & Pacific,High income: OECD,,2015,102.055702209473,0.161740005016327,16.4472503662109,99.9500122070313,99.9500198364258,99.9499969482422
JPN,Japan,East Asia & Pacific,High income: OECD,,2016,102.055702209473,0.161740005016327,16.4472503662109,99.9500122070313,99.9500198364258,99.9499969482422
JPN,Japan,East Asia & Pacific,High income: OECD,,2017,102.055702209473,0.161740005016327,16.4472503662109,99.9500122070313,99.9500198364258,99.9499969482422
KOR,"Korea, Rep.",East Asia & Pacific,High income: OECD,IBRD,2000,103.577201843262,1.18026995658875,32.1207313537598,99.5861282348633,99.8531494140625,99.3506393432617
KOR,"Korea, Rep.",East Asia & Pacific,High income: OECD,IBRD,2001,98.4524612426758,1.75400996208191,32.023998260498,99.767692565918,99.6297225952148,99.8898010253906
KOR,"Korea, Rep.",East Asia & Pacific,High income: OECD,IBRD,2002,95.2523880004883,0.755119979381561,31.2579593658447,99.5181198120117,99.211051940918,99.7912063598633
KOR,"Korea, Rep.",East Asia & Pacific,High income: OECD,IBRD,2003,106.460456848145,2.72676992416382,30.0979499816895,99.50890960693356,99.2883010864258,99.7046569824219
KOR,"Korea, Rep.",East Asia & Pacific,High income: OECD,IBRD,2004,111.658447265625,1.50717997550964,29.02174949646,99.49969940185542,99.3655502319336,99.6181076049805
KOR,"Korea, Rep.",East Asia & Pacific,High income: OECD,IBRD,2005,113.450866699219,1.38478994369507,27.9315891265869,99.49048919677728,99.4427993774414,99.53155822753911
KOR,"Korea, Rep.",East Asia & Pacific,High income: OECD,IBRD,2006,109.621879577637,2.64075994491577,26.6245098114014,99.48127899169914,99.5200485229492,99.44500885009771
KOR,"Korea, Rep.",East Asia & Pacific,High income: OECD,IBRD,2007,107.486419677734,1.63188004493713,25.5944595336914,99.472068786621,99.597297668457,99.3584594726563
KOR,"Korea, Rep.",East Asia & Pacific,High income: OECD,IBRD,2008,102.447212219238,1.17432999610901,24.0670108795166,99.4257888793945,99.5162963867188,99.3431167602539
KOR,"Korea, Rep.",East Asia & Pacific,High income: OECD,IBRD,2009,100.649513244629,0.717339992523193,22.3829898834229,98.91796875,98.7238388061523,99.0964279174805
KOR,"Korea, Rep.",East Asia & Pacific,High income: OECD,IBRD,2010,98.742576599121,0.962409973144531,20.9179706573486,98.1794281005859,97.6931304931641,98.6286315917969
KOR,"Korea, Rep.",East Asia & Pacific,High income: OECD,IBRD,2011,101.693061828613,0.773239970207214,19.049409866333,98.8507919311523,98.4546508789063,99.2173080444335
KOR,"Korea, Rep.",East Asia & Pacific,High income: OECD,IBRD,2012,109.139762878418,0.440629988908768,17.8758106231689,98.8630676269531,98.5031204223633,99.1968688964844
KOR,"Korea, Rep.",East Asia & Pacific,High income: OECD,IBRD,2013,103.206497192383,0.647499978542328,16.8516693115234,96.3111877441406,95.9863128662109,96.6133575439453
KOR,"Korea, Rep.",East Asia & Pacific,High income: OECD,IBRD,2014,96.4681091308594,0.539629995822906,16.5045509338379,96.4642486572266,96.1929397583008,96.7175521850585
KOR,"Korea, Rep.",East Asia & Pacific,High income: OECD,IBRD,2015,101.584106445313,0.539629995822906,16.5045509338379,98.2074279785156,97.9398803710938,98.4582214355469
KOR,"Korea, Rep.",East Asia & Pacific,High income: OECD,IBRD,2016,101.584106445313,0.539629995822906,16.5045509338379,98.2074279785156,97.9398803710938,98.4582214355469
KOR,"Korea, Rep.",East Asia & Pacific,High income: OECD,IBRD,2017,101.584106445313,0.539629995822906,16.5045509338379,98.2074279785156,97.9398803710938,98.4582214355469
MEX,Mexico,Latin America & Caribbean,Upper middle income,IBRD,2000,95.064598083496,12.848349571228,27.1579303741455,96.4438400268555,96.7419509887695,96.1561965942383
MEX,Mexico,Latin America & Caribbean,Upper middle income,IBRD,2001,95.4204330444335,11.0100202560425,26.9830799102783,96.5935821533203,96.90234375,96.29541015625
MEX,Mexico,Latin America & Caribbean,Upper middle income,IBRD,2002,96.3492965698242,8.84568023681641,26.8702697753906,96.9172668457031,97.1846313476563,96.6587829589844
MEX,Mexico,Latin America & Caribbean,Upper middle income,IBRD,2003,95.8836364746094,9.61618041992188,26.6602897644043,96.3909378051758,96.6124114990234,96.1767196655273
MEX,Mexico,Latin America & Caribbean,Upper middle income,IBRD,2004,97.2031021118164,8.37590980529785,28.4715690612793,95.4696502685547,95.6960830688477,95.250617980957
MEX,Mexico,Latin America & Caribbean,Upper middle income,IBRD,2005,97.4358291625977,7.86462020874023,28.3176002502441,94.4448089599609,94.5949478149414,94.2996215820313
MEX,Mexico,Latin America & Caribbean,Upper middle income,IBRD,2006,97.1173706054688,7.65119981765747,28.0039691925049,93.5472030639648,93.6869430541992,93.4121017456055
MEX,Mexico,Latin America & Caribbean,Upper middle income,IBRD,2007,97.0229721069335,8.48746967315674,27.9903907775879,93.4160919189453,93.5261993408203,93.3095626831055
MEX,Mexico,Latin America & Caribbean,Upper middle income,IBRD,2008,95.4058380126953,5.98961019515991,28.0241603851318,93.4022369384766,93.4713973999023,93.3352966308594
MEX,Mexico,Latin America & Caribbean,Upper middle income,IBRD,2009,92.9816131591797,5.8477201461792,28.116720199585,93.9180221557617,94.0317077636719,93.8080215454102
MEX,Mexico,Latin America & Caribbean,Upper middle income,IBRD,2010,92.5744171142578,4.99479007720947,28.1467208862305,94.6704483032227,94.8560104370117,94.491096496582
MEX,Mexico,Latin America & Caribbean,Upper middle income,IBRD,2011,92.6079177856445,4.24733018875122,28.1119899749756,95.4408493041992,95.7170104980469,95.1742782592773
MEX,Mexico,Latin America & Caribbean,Upper middle income,IBRD,2012,98.8506469726563,5.42703008651733,28.0163593292236,96.0047607421875,96.3292236328125,95.6919097900391
MEX,Mexico,Latin America & Caribbean,Upper middle income,IBRD,2013,102.82186126709,4.28735017776489,27.6909599304199,95.6147384643555,95.9636383056641,95.2787704467773
MEX,Mexico,Latin America & Caribbean,Upper middle income,IBRD,2014,104.708419799805,4.28735017776489,27.4087600708008,95.0582962036133,95.4524002075195,94.6793670654297
MEX,Mexico,Latin America & Caribbean,Upper middle income,IBRD,2015,104.708419799805,4.28735017776489,27.4087600708008,95.0582962036133,95.4524002075195,94.6793670654297
MEX,Mexico,Latin America & Caribbean,Upper middle income,IBRD,2016,104.708419799805,4.28735017776489,27.4087600708008,95.0582962036133,95.4524002075195,94.6793670654297
MEX,Mexico,Latin America & Caribbean,Upper middle income,IBRD,2017,104.708419799805,4.28735017776489,27.4087600708008,95.0582962036133,95.4524002075195,94.6793670654297
RUS,Russian Federation,Europe & Central Asia,High income: nonOECD,IBRD,2000,90.4325332641602,1.76081001758575,17.5864906311035,90.0486907958984,90.2437591552734,89.8634719848633
RUS,Russian Federation,Europe & Central Asia,High income: nonOECD,IBRD,2001,92.2769012451172,2.329996685187018,16.9963092803955,90.0486907958984,90.2437591552734,89.8634719848633
RUS,Russian Federation,Europe & Central Asia,High income: nonOECD,IBRD,2002,92.01715469360353,2.8991833527882864,16.9564399719238,90.0486907958984,90.2437591552734,89.8634719848633
RUS,Russian Federation,Europe & Central Asia,High income: nonOECD,IBRD,2003,91.75740814208987,3.468370020389555,16.6330699920654,90.0486907958984,90.2437591552734,89.8634719848633
RUS,Russian Federation,Europe & Central Asia,High income: nonOECD,IBRD,2004,91.4976615905762,4.037556687990824,16.689120292663553,90.0486907958984,90.2437591552734,89.8634719848633
RUS,Russian Federation,Europe & Central Asia,High income: nonOECD,IBRD,2005,91.23791503906253,4.606743355592092,16.7451705932617,90.0486907958984,90.2437591552734,89.8634719848633
RUS,Russian Federation,Europe & Central Asia,High income: nonOECD,IBRD,2006,90.97816848754887,5.17593002319336,17.1469707489014,90.0486907958984,90.2437591552734,89.8634719848633
RUS,Russian Federation,Europe & Central Asia,High income: nonOECD,IBRD,2007,90.7184219360352,4.79862022399902,17.1210403442383,90.4363098144531,90.4149703979492,90.4565887451172
RUS,Russian Federation,Europe & Central Asia,High income: nonOECD,IBRD,2008,93.2989120483398,3.85400009155273,17.4469890594482,92.403923034668,92.400520324707,92.4071502685547
RUS,Russian Federation,Europe & Central Asia,High income: nonOECD,IBRD,2009,98.2803726196289,3.7036534150441467,18.0629596710205,93.9195327758789,93.9448623657227,93.895393371582
RUS,Russian Federation,Europe & Central Asia,High income: nonOECD,IBRD,2010,97.59359741210935,3.5533067385355634,18.572179794311534,94.63302612304685,94.706901550293,94.56266021728516
RUS,Russian Federation,Europe & Central Asia,High income: nonOECD,IBRD,2011,96.9068222045898,3.40296006202698,19.081399917602567,95.3465194702148,95.4689407348633,95.2299270629883
RUS,Russian Federation,Europe & Central Asia,High income: nonOECD,IBRD,2012,97.9656982421875,2.68529009819031,19.5906200408936,96.2435607910156,96.3845596313477,96.1092529296875
RUS,Russian Federation,Europe & Central Asia,High income: nonOECD,IBRD,2013,100.515571594238,3.55324006080627,19.8286094665527,96.1456909179688,96.2721633911133,96.0251770019531
RUS,Russian Federation,Europe & Central Asia,High income: nonOECD,IBRD,2014,100.402801513672,0.718400001525879,19.8080196380615,95.2131271362305,95.38916015625,95.0453491210938
RUS,Russian Federation,Europe & Central Asia,High income: nonOECD,IBRD,2015,101.143356323242,0.718400001525879,19.8080196380615,96.5310134887695,96.6896667480469,96.3796920776367
RUS,Russian Federation,Europe & Central Asia,High income: nonOECD,IBRD,2016,101.143356323242,0.718400001525879,19.8080196380615,96.5310134887695,96.6896667480469,96.3796920776367
RUS,Russian Federation,Europe & Central Asia,High income: nonOECD,IBRD,2017,101.143356323242,0.718400001525879,19.8080196380615,96.5310134887695,96.6896667480469,96.3796920776367
SAU,Saudi Arabia,Middle East & North Africa,High income: nonOECD,,2000,86.5625534057617,6.73372983932495,11.3345804214478,84.9619827270508,84.2921600341797,85.6110534667969
SAU,Saudi Arabia,Middle East & North Africa,High income: nonOECD,,2001,86.5625534057617,6.73372983932495,11.3345804214478,84.9619827270508,84.2921600341797,85.6110534667969
SAU,Saudi Arabia,Middle East & North Africa,High income: nonOECD,,2002,86.5625534057617,6.73372983932495,11.3345804214478,84.9619827270508,84.2921600341797,85.6110534667969
SAU,Saudi Arabia,Middle East & North Africa,High income: nonOECD,,2003,86.5625534057617,6.73372983932495,11.3345804214478,84.9619827270508,84.2921600341797,85.6110534667969
SAU,Saudi Arabia,Middle East & North Africa,High income: nonOECD,,2004,86.5625534057617,6.73372983932495,11.3345804214478,84.9619827270508,84.2921600341797,85.6110534667969
SAU,Saudi Arabia,Middle East & North Africa,High income: nonOECD,,2005,86.5625534057617,6.73372983932495,11.3345804214478,84.9619827270508,84.2921600341797,85.6110534667969
SAU,Saudi Arabia,Middle East & North Africa,High income: nonOECD,,2006,88.85911178588864,6.73372983932495,11.280735015869151,84.9619827270508,84.2921600341797,85.6110534667969
SAU,Saudi Arabia,Middle East & North Africa,High income: nonOECD,,2007,91.1556701660156,6.73372983932495,11.2268896102905,84.9619827270508,84.2921600341797,85.6110534667969
SAU,Saudi Arabia,Middle East & North Africa,High income: nonOECD,,2008,93.145393371582,5.378367394208908,10.7532300949097,84.9619827270508,84.2921600341797,85.6110534667969
SAU,Saudi Arabia,Middle East & North Africa,High income: nonOECD,,2009,93.2626063028971,4.023004949092865,11.4319295883179,84.9619827270508,84.2921600341797,85.6110534667969
SAU,Saudi Arabia,Middle East & North Africa,High income: nonOECD,,2010,93.3798192342122,2.667642503976823,11.1543598175049,90.3209381103516,90.4453506469727,90.2008438110352
SAU,Saudi Arabia,Middle East & North Africa,High income: nonOECD,,2011,93.4970321655273,1.31228005886078,11.0106201171875,90.716423034668,91.1810989379883,90.2695465087891
SAU,Saudi Arabia,Middle East & North Africa,High income: nonOECD,,2012,98.3759002685547,1.31228005886078,10.8871202468872,92.9859237670898,93.8331985473633,92.1734466552734
SAU,Saudi Arabia,Middle East & North Africa,High income: nonOECD,,2013,101.390487670898,1.31228005886078,10.5434999465942,95.9756698608398,94.7141494750977,97.1806488037109
SAU,Saudi Arabia,Middle East & North Africa,High income: nonOECD,,2014,110.898330688477,1.31228005886078,10.7588701248169,96.4156494140625,94.8866577148438,97.8710174560547
SAU,Saudi Arabia,Middle East & North Africa,High income: nonOECD,,2015,107.936042785645,1.31228005886078,10.9006099700928,97.5973892211914,98.3606185913085,96.8718490600585
SAU,Saudi Arabia,Middle East & North Africa,High income: nonOECD,,2016,107.936042785645,1.31228005886078,10.9006099700928,97.5973892211914,98.3606185913085,96.8718490600585
SAU,Saudi Arabia,Middle East & North Africa,High income: nonOECD,,2017,107.936042785645,1.31228005886078,10.9006099700928,97.5973892211914,98.3606185913085,96.8718490600585
TUR,Turkey,Europe & Central Asia,Upper middle income,IBRD,2000,97.7958526611328,5.11056995391846,20.1320400238037,95.8353576660156,96.2648696899414,99.943229675293
TUR,Turkey,Europe & Central Asia,Upper middle income,IBRD,2001,97.7958526611328,5.11056995391846,20.1320400238037,96.377571105957,96.2648696899414,99.943229675293
TUR,Turkey,Europe & Central Asia,Upper middle income,IBRD,2002,97.7958526611328,5.11056995391846,20.1320400238037,96.7097702026367,96.2648696899414,99.943229675293
TUR,Turkey,Europe & Central Asia,Upper middle income,IBRD,2003,97.7958526611328,5.11056995391846,20.1320400238037,97.1483993530273,96.2648696899414,99.943229675293
TUR,Turkey,Europe & Central Asia,Upper middle income,IBRD,2004,97.7958526611328,3.38707995414734,20.1320400238037,97.4768295288085,96.2648696899414,99.943229675293
TUR,Turkey,Europe & Central Asia,Upper middle income,IBRD,2005,102.347190856934,2.15782999992371,20.1320400238037,97.7891387939453,96.2648696899414,99.943229675293
TUR,Turkey,Europe & Central Asia,Upper middle income,IBRD,2006,98.7841567993164,2.49788999557495,20.1320400238037,98.1366271972656,96.2648696899414,99.943229675293
TUR,Turkey,Europe & Central Asia,Upper middle income,IBRD,2007,97.3620300292969,5.76847982406616,20.1320400238037,98.607566833496,96.5427017211914,99.538215637207
TUR,Turkey,Europe & Central Asia,Upper middle income,IBRD,2008,98.8181076049805,8.18692970275879,20.1320400238037,97.9982681274414,96.8205337524414,99.133201599121
TUR,Turkey,Europe & Central Asia,Upper middle income,IBRD,2009,98.9784393310547,0.781430006027222,20.1320400238037,95.6194381713867,94.7596435546875,96.4473724365234
TUR,Turkey,Europe & Central Asia,Upper middle income,IBRD,2010,99.2446212768555,4.99458980560303,20.1320400238037,96.3258666992188,95.6074905395508,97.0170822143555
TUR,Turkey,Europe & Central Asia,Upper middle income,IBRD,2011,101.45964050293,9.97535037994385,20.1320400238037,95.3783721923828,94.7351226806641,95.9967575073242
TUR,Turkey,Europe & Central Asia,Upper middle income,IBRD,2012,99.848503112793,10.654210408528632,20.1320400238037,92.6995468139648,91.9553298950195,93.4146423339844
TUR,Turkey,Europe & Central Asia,Upper middle income,IBRD,2013,95.4323081970215,11.333070437113417,19.8335399627686,92.9003524780273,92.2838821411133,93.4922790527344
TUR,Turkey,Europe & Central Asia,Upper middle income,IBRD,2014,91.01611328125,12.0119304656982,19.3275508880615,94.1334533691406,93.5808792114258,94.6639404296875
TUR,Turkey,Europe & Central Asia,Upper middle income,IBRD,2015,91.7944107055664,12.0119304656982,19.3275508880615,94.138069152832,93.677391052246,94.5803298950195
TUR,Turkey,Europe & Central Asia,Upper middle income,IBRD,2016,91.7944107055664,12.0119304656982,19.3275508880615,94.138069152832,93.677391052246,94.5803298950195
TUR,Turkey,Europe & Central Asia,Upper middle income,IBRD,2017,91.7944107055664,12.0119304656982,19.3275508880615,94.138069152832,93.677391052246,94.5803298950195
USA,United States,North America,High income: OECD,,2000,100.6218452453615,0.7987599968910215,15.0081100463867,96.6975479125977,96.8439788818359,96.5583877563477
USA,United States,North America,High income: OECD,,2001,100.6218452453615,0.7987599968910215,15.4441900253296,96.2802200317383,97.0795593261719,95.5201187133789
USA,United States,North America,High income: OECD,,2002,100.6218452453615,0.7987599968910215,14.8271198272705,94.9974670410156,95.6942672729492,94.3353271484375
USA,United States,North America,High income: OECD,,2003,100.6218452453615,0.7987599968910215,14.8135595321655,94.7411575317383,95.4396667480469,94.0773620605469
USA,United States,North America,High income: OECD,,2004,100.6218452453615,0.7987599968910215,14.2110900878906,93.3741226196289,94.1104507446289,92.673973083496
USA,United States,North America,High income: OECD,,2005,100.6218452453615,0.7987599968910215,14.1297197341919,93.6880416870117,94.4265365600585,92.9852066040039
USA,United States,North America,High income: OECD,,2006,100.6218452453615,0.7987599968910215,13.8078699111938,94.8191223144531,95.7975463867188,93.8870391845703
USA,United States,North America,High income: OECD,,2007,100.6218452453615,0.7987599968910215,13.7955598831177,95.8629608154297,96.4390029907227,95.3141403198242
USA,United States,North America,High income: OECD,,2008,100.6218452453615,0.7987599968910215,13.6890802383423,96.2672424316406,96.82568359375,95.73486328125
USA,United States,North America,High income: OECD,,2009,100.6218452453615,0.7987599968910215,13.8721504211426,94.8153915405273,95.7841415405273,93.8909378051758
USA,United States,North America,High income: OECD,,2010,100.6218452453615,0.7987599968910215,13.5908403396606,93.6240005493164,93.851936340332,93.4062423706055
USA,United States,North America,High income: OECD,,2011,100.6218452453615,0.7987599968910215,14.2852201461791,92.9137420654297,93.5935211181641,92.263557434082
USA,United States,North America,High income: OECD,,2012,100.6218452453615,0.7987599968910215,14.4221601486206,93.1664810180664,92.9895095825195,93.336067199707
USA,United States,North America,High income: OECD,,2013,100.6218452453615,0.7987599968910215,14.4536695480347,92.7770919799805,92.6270599365234,92.9210586547852
USA,United States,North America,High income: OECD,,2014,100.6218452453615,0.7987599968910215,14.5374898910522,93.0982971191406,93.3221130371094,92.8833694458008
USA,United States,North America,High income: OECD,,2015,100.6218452453615,0.7987599968910215,14.5374898910522,93.7541885375977,94.0818023681641,93.4395370483398
USA,United States,North America,High income: OECD,,2016,100.6218452453615,0.7987599968910215,14.5374898910522,93.7541885375977,94.0818023681641,93.4395370483398
USA,United States,North America,High income: OECD,,2017,100.6218452453615,0.7987599968910215,14.5374898910522,93.7541885375977,94.0818023681641,93.4395370483398
ZAF,South Africa,Sub-Saharan Africa,Upper middle income,IBRD,2000,85.810188293457,19.9273891448975,34.902961730957,87.8426208496094,89.7729721069335,86.0074234008789
ZAF,South Africa,Sub-Saharan Africa,Upper middle income,IBRD,2001,87.46775817871091,19.9273891448975,38.8961715698242,87.5896224975585,90.109748840332,85.2065811157227
ZAF,South Africa,Sub-Saharan Africa,Upper middle income,IBRD,2002,89.1253280639648,21.3008499145508,35.2822685241699,86.9007110595703,89.8350601196289,84.1508712768555
ZAF,South Africa,Sub-Saharan Africa,Upper middle income,IBRD,2003,92.0348968505859,23.0140705108643,35.3719100952148,86.8333435058594,90.1921081542969,83.729850769043
ZAF,South Africa,Sub-Saharan Africa,Upper middle income,IBRD,2004,95.805290222168,23.0140705108643,35.5427398681641,85.1845474243164,88.9791030883789,81.7396774291992
ZAF,South Africa,Sub-Saharan Africa,Upper middle income,IBRD,2005,95.805290222168,23.0140705108643,31.3926200866699,83.326789855957,87.9086685180664,79.243896484375
ZAF,South Africa,Sub-Saharan Africa,Upper middle income,IBRD,2006,95.805290222168,23.0140705108643,33.0469589233398,83.326789855957,87.9086685180664,79.243896484375
ZAF,South Africa,Sub-Saharan Africa,Upper middle income,IBRD,2007,95.805290222168,23.0140705108643,33.1910705566406,83.326789855957,87.9086685180664,79.243896484375
ZAF,South Africa,Sub-Saharan Africa,Upper middle income,IBRD,2008,95.805290222168,23.0140705108643,32.712818145752,83.326789855957,87.9086685180664,79.243896484375
ZAF,South Africa,Sub-Saharan Africa,Upper middle income,IBRD,2009,95.805290222168,23.0140705108643,33.5781211853027,83.326789855957,87.9086685180664,79.243896484375
ZAF,South Africa,Sub-Saharan Africa,Upper middle income,IBRD,2010,95.805290222168,23.0140705108643,32.6897201538086,83.326789855957,87.9086685180664,79.243896484375
ZAF,South Africa,Sub-Saharan Africa,Upper middle income,IBRD,2011,95.805290222168,23.0140705108643,32.5966606140137,83.326789855957,87.9086685180664,79.243896484375
ZAF,South Africa,Sub-Saharan Africa,Upper middle income,IBRD,2012,95.805290222168,23.0140705108643,32.937931060791,83.326789855957,87.9086685180664,79.243896484375
ZAF,South Africa,Sub-Saharan Africa,Upper middle income,IBRD,2013,95.805290222168,23.0140705108643,32.0292091369629,83.326789855957,87.9086685180664,79.243896484375
ZAF,South Africa,Sub-Saharan Africa,Upper middle income,IBRD,2014,95.805290222168,23.0140705108643,33.5956611633301,83.326789855957,87.9086685180664,79.243896484375
ZAF,South Africa,Sub-Saharan Africa,Upper middle income,IBRD,2015,95.805290222168,23.0140705108643,33.5956611633301,83.326789855957,87.9086685180664,79.243896484375
ZAF,South Africa,Sub-Saharan Africa,Upper middle income,IBRD,2016,95.805290222168,23.0140705108643,33.5956611633301,83.326789855957,87.9086685180664,79.243896484375
ZAF,South Africa,Sub-Saharan Africa,Upper middle income,IBRD,2017,95.805290222168,23.0140705108643,33.5956611633301,83.326789855957,87.9086685180664,79.243896484375
